work_year,experience_level,employment_type,job_title,salary,salary_currency,salary_in_usd,employee_residence,remote_ratio,company_location,company_size
2024,EN,FT,Data Analyst,101520,USD,101520,US,0,US,M
2024,EN,FT,Data Analyst,45864,USD,45864,US,0,US,M
2024,SE,FT,Data Analyst,170000,USD,170000,US,0,US,M
2024,SE,FT,Data Analyst,130000,USD,130000,US,0,US,M
2024,EN,FT,Data Analyst,75000,USD,75000,US,0,US,M
2024,EN,FT,Data Analyst,65000,USD,65000,US,0,US,M
2024,SE,FT,Data Analyst,174000,USD,174000,US,100,US,M
2024,SE,FT,Data Analyst,116000,USD,116000,US,100,US,M
2024,MI,FT,Data Analyst,100000,USD,100000,US,0,US,M
2024,MI,FT,Data Analyst,80000,USD,80000,US,0,US,M
2024,MI,FT,Data Analyst,145000,USD,145000,US,0,US,M
2024,MI,FT,Data Analyst,95000,USD,95000,US,0,US,M
2024,SE,FT,Data Analyst,90000,CAD,69230,CA,0,CA,M
2024,SE,FT,Data Analyst,75000,CAD,57692,CA,0,CA,M
2024,MI,FT,Data Analyst,112300,USD,112300,US,0,US,M
2024,MI,FT,Data Analyst,75100,USD,75100,US,0,US,M
2024,EN,FT,Data Analyst,90000,USD,90000,CA,0,CA,M
2024,EN,FT,Data Analyst,70000,USD,70000,CA,0,CA,M
2024,MI,FT,Data Analyst,101098,USD,101098,US,0,US,M
2024,MI,FT,Data Analyst,59469,USD,59469,US,0,US,M
2024,MI,FT,Data Analyst,30000,EUR,33333,LT,0,LT,M
2024,MI,FT,Data Analyst,25800,EUR,28666,LT,0,LT,M
2024,MI,FT,Data Analyst,55000,GBP,68750,GB,100,GB,M
2024,MI,FT,Data Analyst,45000,GBP,56250,GB,100,GB,M
2024,EN,FT,Data Analyst,150000,USD,150000,US,100,US,M
2024,EN,FT,Data Analyst,129200,USD,129200,US,100,US,M
2024,MI,FT,Data Analyst,143800,USD,143800,US,100,US,M
2024,MI,FT,Data Analyst,106300,USD,106300,US,100,US,M
2024,SE,FT,Data Analyst,140000,USD,140000,US,100,US,M
2024,SE,FT,Data Analyst,120000,USD,120000,US,100,US,M
2024,EN,FT,Data Analyst,83300,USD,83300,US,0,US,M
2024,EN,FT,Data Analyst,47500,USD,47500,US,0,US,M
2024,EN,FT,Data Analyst,50000,GBP,62500,US,0,US,M
2024,EN,FT,Data Analyst,44000,GBP,55000,US,0,US,M
2024,EN,FT,Data Analyst,156000,USD,156000,US,0,US,M
2024,EN,FT,Data Analyst,94000,USD,94000,US,0,US,M
2024,MI,FT,Data Analyst,95000,USD,95000,US,0,US,M
2024,MI,FT,Data Analyst,80000,USD,80000,US,0,US,M
2024,SE,FT,Data Analyst,169000,USD,169000,US,0,US,M
2024,SE,FT,Data Analyst,105000,USD,105000,US,0,US,M
2024,SE,FT,Data Analyst,149925,USD,149925,US,0,US,M
2024,SE,FT,Data Analyst,91260,USD,91260,US,0,US,M
2024,MI,FT,Data Analyst,77280,USD,77280,US,0,US,M
2024,MI,FT,Data Analyst,58000,USD,58000,US,0,US,M
2024,MI,FT,Data Analyst,125000,USD,125000,US,100,US,M
2024,MI,FT,Data Analyst,100000,USD,100000,US,100,US,M
2024,SE,FT,Data Analyst,209000,USD,209000,US,0,US,M
2024,SE,FT,Data Analyst,120000,USD,120000,US,0,US,M
2024,EN,FT,Data Analyst,64500,USD,64500,US,0,US,M
2024,EN,FT,Data Analyst,46500,USD,46500,US,0,US,M
2024,MI,FT,Data Analyst,86940,USD,86940,US,0,US,M
2024,MI,FT,Data Analyst,66000,USD,66000,US,0,US,M
2024,MI,FT,Data Analyst,77280,USD,77280,US,0,US,M
2024,MI,FT,Data Analyst,58000,USD,58000,US,0,US,M
2024,EN,FT,Data Analyst,97000,USD,97000,US,0,US,M
2024,EN,FT,Data Analyst,62000,USD,62000,US,0,US,M
2024,SE,FT,Data Analyst,100000,USD,100000,US,0,US,M
2024,SE,FT,Data Analyst,86220,USD,86220,US,0,US,M
2024,MI,FT,Data Analyst,80000,USD,80000,US,100,US,M
2024,MI,FT,Data Analyst,50000,USD,50000,US,100,US,M
2024,SE,FT,Data Analyst,180000,USD,180000,US,100,US,M
2024,SE,FT,Data Analyst,130000,USD,130000,US,100,US,M
2024,SE,FT,Data Analyst,148000,USD,148000,US,0,US,M
2024,SE,FT,Data Analyst,125000,USD,125000,US,0,US,M
2024,SE,FT,Data Analyst,245400,USD,245400,US,100,US,M
2024,SE,FT,Data Analyst,135800,USD,135800,US,100,US,M
2024,MI,FT,Data Analyst,174000,USD,174000,US,0,US,M
2024,MI,FT,Data Analyst,132000,USD,132000,US,0,US,M
2024,SE,FT,Data Analyst,50000,GBP,62500,GB,0,GB,M
2024,SE,FT,Data Analyst,44000,GBP,55000,GB,0,GB,M
2024,SE,FT,Data Analyst,170000,USD,170000,CA,100,CA,M
2024,SE,FT,Data Analyst,130000,USD,130000,CA,100,CA,M
2024,SE,FT,Data Analyst,142166,USD,142166,US,0,US,M
2024,SE,FT,Data Analyst,88854,USD,88854,US,0,US,M
2024,SE,FT,Data Analyst,170000,USD,170000,US,0,US,M
2024,SE,FT,Data Analyst,130000,USD,130000,US,0,US,M
2024,EN,FT,Data Analyst,61700,USD,61700,US,0,US,M
2024,EN,FT,Data Analyst,55000,USD,55000,US,0,US,M
2024,SE,FT,Data Analyst,113800,USD,113800,US,100,US,M
2024,SE,FT,Data Analyst,74400,USD,74400,US,100,US,M
2024,EN,FT,Data Analyst,20000,USD,20000,KE,100,KE,M
2024,SE,FT,Data Analyst,147500,USD,147500,US,0,US,M
2024,SE,FT,Data Analyst,85000,USD,85000,US,0,US,M
2024,EN,FT,Data Analyst,102927,USD,102927,AU,0,AU,M
2024,EN,FT,Data Analyst,95010,USD,95010,AU,0,AU,M
2024,EN,FT,Data Analyst,83000,USD,83000,US,100,US,M
2024,EN,FT,Data Analyst,64000,USD,64000,US,100,US,M
2024,EN,FT,Data Analyst,99200,USD,99200,US,100,US,M
2024,EN,FT,Data Analyst,69400,USD,69400,US,100,US,M
2024,SE,FT,Data Analyst,207300,USD,207300,US,0,US,M
2024,SE,FT,Data Analyst,114700,USD,114700,US,0,US,M
2024,SE,FT,Data Analyst,170000,USD,170000,US,0,US,M
2024,SE,FT,Data Analyst,148000,USD,148000,US,0,US,M
2024,SE,FT,Data Analyst,106260,USD,106260,US,0,US,M
2024,SE,FT,Data Analyst,82000,USD,82000,US,0,US,M
2024,SE,FT,Data Analyst,202800,USD,202800,US,0,US,M
2024,SE,FT,Data Analyst,108200,USD,108200,US,0,US,M
2024,EN,FT,Data Analyst,26800,GBP,33500,GB,0,GB,M
2024,EN,FT,Data Analyst,26800,GBP,33500,GB,0,GB,M
2024,EN,FT,Data Analyst,77280,USD,77280,US,0,US,M
2024,EN,FT,Data Analyst,58000,USD,58000,US,0,US,M
2024,EN,FT,Data Analyst,110000,USD,110000,US,100,US,M
2024,EN,FT,Data Analyst,90000,USD,90000,US,100,US,M
2024,EN,FT,Data Analyst,83300,USD,83300,US,0,US,M
2024,EN,FT,Data Analyst,47500,USD,47500,US,0,US,M
2024,MI,FT,Data Analyst,152300,USD,152300,US,0,US,M
2024,MI,FT,Data Analyst,76200,USD,76200,US,0,US,M
2024,MI,FT,Data Analyst,70000,USD,70000,US,100,US,M
2024,MI,FT,Data Analyst,51000,USD,51000,US,100,US,M
2024,MI,FT,Data Analyst,148017,USD,148017,US,0,US,M
2024,MI,FT,Data Analyst,87069,USD,87069,US,0,US,M
2024,MI,FT,Data Analyst,120000,USD,120000,US,0,US,M
2024,MI,FT,Data Analyst,105000,USD,105000,US,0,US,M
2024,EN,FT,Data Analyst,43500,USD,43500,US,0,US,M
2024,EN,FT,Data Analyst,41000,USD,41000,US,0,US,M
2024,SE,FT,Data Analyst,185100,USD,185100,US,0,US,M
2024,SE,FT,Data Analyst,148500,USD,148500,US,0,US,M
2024,SE,FT,Data Analyst,147000,USD,147000,US,100,US,M
2024,SE,FT,Data Analyst,92000,USD,92000,US,100,US,M
2024,SE,FT,Data Analyst,130000,USD,130000,US,100,US,M
2024,SE,FT,Data Analyst,100000,USD,100000,US,100,US,M
2024,EN,FT,Data Analyst,100000,USD,100000,US,100,US,M
2024,EN,FT,Data Analyst,90000,USD,90000,US,100,US,M
2024,MI,FT,Data Analyst,100000,USD,100000,US,0,US,M
2024,MI,FT,Data Analyst,90000,USD,90000,US,0,US,M
2024,EN,FT,Data Analyst,64500,USD,64500,US,0,US,M
2024,EN,FT,Data Analyst,46500,USD,46500,US,0,US,M
2024,SE,FT,Data Analyst,144606,USD,144606,US,0,US,M
2024,SE,FT,Data Analyst,128539,USD,128539,US,0,US,M
2024,MI,FT,Data Analyst,179000,USD,179000,US,0,US,M
2024,MI,FT,Data Analyst,112000,USD,112000,US,0,US,M
2024,SE,FT,Data Analyst,194000,USD,194000,US,0,US,M
2024,SE,FT,Data Analyst,122000,USD,122000,US,0,US,M
2024,SE,FT,Data Analyst,114200,USD,114200,US,0,US,M
2024,SE,FT,Data Analyst,92900,USD,92900,US,0,US,M
2024,SE,FT,Data Analyst,95000,USD,95000,US,0,US,M
2024,SE,FT,Data Analyst,85000,USD,85000,US,0,US,M
2024,SE,FT,Data Analyst,140000,USD,140000,US,0,US,M
2024,SE,FT,Data Analyst,107000,USD,107000,US,0,US,M
2024,MI,FT,Data Analyst,155700,USD,155700,US,0,US,M
2024,MI,FT,Data Analyst,75500,USD,75500,US,0,US,M
2024,SE,FT,Data Analyst,190000,USD,190000,US,0,US,M
2024,SE,FT,Data Analyst,152000,USD,152000,US,0,US,M
2024,MI,FT,Data Analyst,84105,USD,84105,US,0,US,M
2024,MI,FT,Data Analyst,76095,USD,76095,US,0,US,M
2024,SE,FT,Data Analyst,165000,USD,165000,US,100,US,M
2024,SE,FT,Data Analyst,165000,USD,165000,US,100,US,M
2024,SE,FT,Data Analyst,160000,USD,160000,US,0,US,M
2024,SE,FT,Data Analyst,128000,USD,128000,US,0,US,M
2024,EN,FT,Data Analyst,50000,GBP,62500,GB,0,GB,M
2024,EN,FT,Data Analyst,225000,USD,225000,US,0,US,M
2024,EN,FT,Data Analyst,150000,USD,150000,US,0,US,M
2024,EN,FT,Data Analyst,129000,USD,129000,US,0,US,M
2024,EN,FT,Data Analyst,86000,USD,86000,US,0,US,M
2024,EN,FT,Data Analyst,54000,USD,54000,US,100,US,M
2024,EN,FT,Data Analyst,43400,USD,43400,US,100,US,M
2024,MI,FT,Data Analyst,101081,USD,101081,US,0,US,M
2024,MI,FT,Data Analyst,78108,USD,78108,US,0,US,M
2024,SE,FT,Data Analyst,180500,USD,180500,US,0,US,M
2024,SE,FT,Data Analyst,96200,USD,96200,US,0,US,M
2024,EN,FT,Data Analyst,144000,USD,144000,US,100,US,M
2024,EN,FT,Data Analyst,81000,USD,81000,US,100,US,M
2024,SE,FT,Data Analyst,110000,USD,110000,US,100,US,M
2024,SE,FT,Data Analyst,100000,USD,100000,US,100,US,M
2024,SE,FT,Data Analyst,108334,USD,108334,US,0,US,M
2024,SE,FT,Data Analyst,59923,USD,59923,US,0,US,M
2024,SE,FT,Data Analyst,150000,USD,150000,US,100,US,M
2024,SE,FT,Data Analyst,120000,USD,120000,US,100,US,M
2024,SE,FT,Data Analyst,172000,USD,172000,US,0,US,M
2024,SE,FT,Data Analyst,101000,USD,101000,US,0,US,M
2024,SE,FT,Data Analyst,165000,USD,165000,US,100,US,M
2024,EN,FT,Data Analyst,170000,USD,170000,US,0,US,M
2024,EN,FT,Data Analyst,140000,USD,140000,US,0,US,M
2024,EN,FT,Data Analyst,52000,GBP,65000,GB,0,GB,M
2024,EN,FT,Data Analyst,45000,GBP,56250,GB,0,GB,M
2024,EN,FT,Data Analyst,122000,USD,122000,US,0,US,M
2024,EN,FT,Data Analyst,94000,USD,94000,US,0,US,M
2024,EN,FT,Data Analyst,82402,USD,82402,US,0,US,M
2024,EN,FT,Data Analyst,48508,USD,48508,US,0,US,M
2024,EN,FT,Data Analyst,90000,USD,90000,US,0,US,M
2024,EN,FT,Data Analyst,75000,USD,75000,US,0,US,M
2024,EN,FT,Data Analyst,75000,USD,75000,US,100,US,M
2024,EN,FT,Data Analyst,47500,USD,47500,US,100,US,M
2024,SE,FT,Data Analyst,144538,USD,144538,US,0,US,M
2024,SE,FT,Data Analyst,96358,USD,96358,US,0,US,M
2024,EN,FT,Data Analyst,77280,USD,77280,US,0,US,M
2024,EN,FT,Data Analyst,58000,USD,58000,US,0,US,M
2024,EN,FT,Data Analyst,198000,USD,198000,US,0,US,M
2024,EN,FT,Data Analyst,144000,USD,144000,US,0,US,M
2024,SE,FT,Data Analyst,118000,USD,118000,US,0,US,M
2024,SE,FT,Data Analyst,100000,USD,100000,US,0,US,M
2024,EN,FT,Data Analyst,93100,USD,93100,US,0,US,M
2024,EN,FT,Data Analyst,60000,USD,60000,US,0,US,M
2024,EN,FT,Data Analyst,67095,USD,67095,US,0,US,M
2024,EN,FT,Data Analyst,51120,USD,51120,US,0,US,M
2024,SE,FT,Data Analyst,150700,USD,150700,US,0,US,M
2024,SE,FT,Data Analyst,87400,USD,87400,US,0,US,M
2024,EN,FT,Data Analyst,80000,USD,80000,US,0,US,M
2024,EN,FT,Data Analyst,75000,USD,75000,US,0,US,M
2024,SE,FT,Data Analyst,200000,USD,200000,US,100,US,M
2024,SE,FT,Data Analyst,168000,USD,168000,US,100,US,M
2024,EN,FT,Data Analyst,100000,USD,100000,US,0,US,M
2024,EN,FT,Data Analyst,64000,USD,64000,US,0,US,M
2024,EN,FT,Data Analyst,124650,USD,124650,US,0,US,M
2024,EN,FT,Data Analyst,88200,USD,88200,US,0,US,M
2024,SE,FT,Data Analyst,180000,USD,180000,US,100,US,M
2024,SE,FT,Data Analyst,140000,USD,140000,US,100,US,M
2024,SE,FT,Data Analyst,150000,USD,150000,US,0,US,M
2024,SE,FT,Data Analyst,130000,USD,130000,US,0,US,M
2024,SE,FT,Data Analyst,204650,USD,204650,US,100,US,M
2024,SE,FT,Data Analyst,123990,USD,123990,US,100,US,M
2024,EN,FT,Data Analyst,106000,USD,106000,US,0,US,M
2024,EN,FT,Data Analyst,66000,USD,66000,US,0,US,M
2024,MI,FT,Data Analyst,95000,USD,95000,US,0,US,M
2024,MI,FT,Data Analyst,75000,USD,75000,US,0,US,M
2024,EX,FT,Data Analyst,125000,USD,125000,US,0,US,M
2024,EX,FT,Data Analyst,100000,USD,100000,US,0,US,M
2024,MI,FT,Data Analyst,83552,USD,83552,US,100,US,M
2024,MI,FT,Data Analyst,49148,USD,49148,US,100,US,M
2024,SE,FT,Data Analyst,148000,USD,148000,US,0,US,M
2024,SE,FT,Data Analyst,125000,USD,125000,US,0,US,M
2024,EN,FT,Data Analyst,92700,USD,92700,US,0,US,M
2024,EN,FT,Data Analyst,64900,USD,64900,US,0,US,M
2024,SE,FT,Data Analyst,179000,USD,179000,US,0,US,M
2024,SE,FT,Data Analyst,112000,USD,112000,US,0,US,M
2024,EN,FT,Data Analyst,136000,USD,136000,US,0,US,M
2024,EN,FT,Data Analyst,82000,USD,82000,US,0,US,M
2024,MI,FT,Data Analyst,92000,USD,92000,US,0,US,M
2024,MI,FT,Data Analyst,82000,USD,82000,US,0,US,M
2024,EN,FT,Data Analyst,80000,USD,80000,US,0,US,M
2024,EN,FT,Data Analyst,70000,USD,70000,US,0,US,M
2024,SE,FT,Data Analyst,204650,USD,204650,US,100,US,M
2024,SE,FT,Data Analyst,123990,USD,123990,US,100,US,M
2024,MI,FT,Data Analyst,152300,USD,152300,US,0,US,M
2024,MI,FT,Data Analyst,76200,USD,76200,US,0,US,M
2024,SE,FT,Data Analyst,150000,USD,150000,US,100,US,M
2024,SE,FT,Data Analyst,125000,USD,125000,US,100,US,M
2024,SE,FT,Data Analyst,119900,USD,119900,US,0,US,M
2024,SE,FT,Data Analyst,109000,USD,109000,US,0,US,M
2024,EN,FT,Data Analyst,135000,USD,135000,US,0,US,M
2024,EN,FT,Data Analyst,90000,USD,90000,US,0,US,M
2024,MI,FT,Data Analyst,89500,USD,89500,US,100,US,M
2024,MI,FT,Data Analyst,65000,USD,65000,US,100,US,M
2024,SE,FT,Data Analyst,150000,USD,150000,US,100,US,M
2024,SE,FT,Data Analyst,135000,USD,135000,US,100,US,M
2024,EN,FT,Data Analyst,110000,USD,110000,US,0,US,M
2024,EN,FT,Data Analyst,80000,USD,80000,US,0,US,M
2024,SE,FT,Data Analyst,198000,USD,198000,US,0,US,M
2024,SE,FT,Data Analyst,108000,USD,108000,US,0,US,M
2024,EN,FT,Data Analyst,71250,USD,71250,US,100,US,M
2024,EN,FT,Data Analyst,57000,USD,57000,US,100,US,M
2024,SE,FT,Data Analyst,96600,USD,96600,US,0,US,M
2024,SE,FT,Data Analyst,55200,USD,55200,US,0,US,M
2024,EN,FT,Data Analyst,140000,USD,140000,US,0,US,M
2024,EN,FT,Data Analyst,112000,USD,112000,US,0,US,M
2024,SE,FT,Data Analyst,132974,USD,132974,US,0,US,M
2024,SE,FT,Data Analyst,88670,USD,88670,US,0,US,M
2024,MI,FT,Data Analyst,80000,USD,80000,US,0,US,M
2024,MI,FT,Data Analyst,70000,USD,70000,US,0,US,M
2024,SE,FT,Data Analyst,192500,USD,192500,US,100,US,M
2024,SE,FT,Data Analyst,122500,USD,122500,US,100,US,M
2024,SE,FT,Data Analyst,65000,GBP,81250,GB,0,GB,M
2024,SE,FT,Data Analyst,60000,GBP,75000,GB,0,GB,M
2024,MI,FT,Data Analyst,70000,USD,70000,US,0,US,M
2024,MI,FT,Data Analyst,60000,USD,60000,US,0,US,M
2024,EN,FT,Data Analyst,83300,USD,83300,US,0,US,M
2024,EN,FT,Data Analyst,47500,USD,47500,US,0,US,M
2024,SE,FT,Data Analyst,96600,USD,96600,US,0,US,M
2024,SE,FT,Data Analyst,55200,USD,55200,US,0,US,M
2024,EN,FT,Data Analyst,40000,USD,40000,BR,0,BR,M
2024,EN,FT,Data Analyst,30000,USD,30000,BR,0,BR,M
2024,MI,FT,Data Analyst,135000,USD,135000,US,0,US,M
2024,MI,FT,Data Analyst,120000,USD,120000,US,0,US,M
2024,EN,FT,Data Analyst,93500,USD,93500,US,0,US,M
2024,EN,FT,Data Analyst,53300,USD,53300,US,0,US,M
2024,SE,FT,Data Analyst,197100,USD,197100,US,100,US,M
2024,SE,FT,Data Analyst,131414,USD,131414,US,100,US,M
2024,EN,FT,Data Analyst,36500,GBP,45625,GB,0,GB,M
2024,EN,FT,Data Analyst,34000,GBP,42500,GB,0,GB,M
2024,SE,FT,Data Analyst,140000,USD,140000,US,0,US,M
2024,SE,FT,Data Analyst,100000,USD,100000,US,0,US,M
2024,SE,FT,Data Analyst,130000,USD,130000,US,100,US,M
2024,SE,FT,Data Analyst,120000,USD,120000,US,100,US,M
2024,EN,FT,Data Analyst,100000,USD,100000,US,100,US,M
2024,EN,FT,Data Analyst,80000,USD,80000,US,100,US,M
2024,EN,FT,Data Analyst,70000,USD,70000,US,0,US,M
2024,EN,FT,Data Analyst,65000,USD,65000,US,0,US,M
2024,SE,FT,Data Analyst,192500,USD,192500,US,100,US,M
2024,SE,FT,Data Analyst,122500,USD,122500,US,100,US,M
2024,EN,FT,Data Analyst,82000,USD,82000,US,100,US,M
2024,EN,FT,Data Analyst,64000,USD,64000,US,100,US,M
2024,EN,FT,Data Analyst,88800,USD,88800,US,0,US,M
2024,EN,FT,Data Analyst,64600,USD,64600,US,0,US,M
2024,MI,FT,Data Analyst,166000,USD,166000,US,0,US,M
2024,MI,FT,Data Analyst,73100,USD,73100,US,0,US,M
2024,EN,FT,Data Analyst,153000,USD,153000,US,100,US,M
2024,EN,FT,Data Analyst,96000,USD,96000,US,100,US,M
2024,EN,FT,Data Analyst,153000,USD,153000,US,100,US,M
2024,EN,FT,Data Analyst,96000,USD,96000,US,100,US,M
2024,EN,FT,Data Analyst,85000,USD,85000,US,0,US,M
2024,EN,FT,Data Analyst,68000,USD,68000,US,0,US,M
2024,EN,FT,Data Analyst,85420,USD,85420,US,0,US,M
2024,EN,FT,Data Analyst,65400,USD,65400,US,0,US,M
2024,EN,FT,Data Analyst,60080,USD,60080,US,0,US,M
2024,EN,FT,Data Analyst,57300,USD,57300,US,0,US,M
2024,EN,FT,Data Analyst,181610,USD,181610,US,0,US,M
2024,EN,FT,Data Analyst,100000,USD,100000,US,0,US,M
2024,EN,FT,Data Analyst,123625,USD,123625,US,0,US,M
2024,EN,FT,Data Analyst,77265,USD,77265,US,0,US,M
2024,EN,FT,Data Analyst,150700,USD,150700,US,0,US,M
2024,EN,FT,Data Analyst,87400,USD,87400,US,0,US,M
2024,EN,FT,Data Analyst,122328,USD,122328,US,0,US,M
2024,EN,FT,Data Analyst,71958,USD,71958,US,0,US,M
2024,SE,FT,Data Analyst,115000,USD,115000,US,0,US,M
2024,SE,FT,Data Analyst,105000,USD,105000,US,0,US,M
2024,EN,FT,Data Analyst,84000,USD,84000,US,0,US,M
2024,EN,FT,Data Analyst,75800,USD,75800,US,0,US,M
2024,EN,FT,Data Analyst,94600,USD,94600,US,0,US,M
2024,EN,FT,Data Analyst,75700,USD,75700,US,0,US,M
2024,MI,FT,Data Analyst,150000,USD,150000,US,0,US,M
2024,MI,FT,Data Analyst,117000,USD,117000,US,0,US,M
2024,MI,FT,Data Analyst,150000,USD,150000,US,100,US,M
2024,MI,FT,Data Analyst,120000,USD,120000,US,100,US,M
2024,SE,FT,Data Analyst,145000,USD,145000,US,0,US,M
2024,SE,FT,Data Analyst,110000,USD,110000,US,0,US,M
2024,EN,FT,Data Analyst,88800,USD,88800,US,0,US,M
2024,EN,FT,Data Analyst,64600,USD,64600,US,0,US,M
2024,EN,FT,Data Analyst,157600,USD,157600,US,0,US,M
2024,EN,FT,Data Analyst,96800,USD,96800,US,0,US,M
2024,EN,FT,Data Analyst,70000,USD,70000,US,0,US,M
2024,EN,FT,Data Analyst,50000,USD,50000,US,0,US,M
2024,EN,FT,Data Analyst,192500,USD,192500,US,0,US,M
2024,EN,FT,Data Analyst,140000,USD,140000,US,0,US,M
2024,EN,FT,Data Analyst,80000,USD,80000,US,0,US,M
2024,EN,FT,Data Analyst,45700,USD,45700,US,0,US,M
2024,SE,FT,Data Analyst,117000,USD,117000,US,0,US,M
2024,SE,FT,Data Analyst,115765,USD,115765,US,0,US,M
2024,SE,FT,Data Analyst,140000,USD,140000,CA,0,CA,M
2024,SE,FT,Data Analyst,107000,USD,107000,CA,0,CA,M
2024,EN,FT,Data Analyst,80000,USD,80000,US,100,US,M
2024,EN,FT,Data Analyst,80000,USD,80000,US,100,US,M
2024,EX,FT,Data Analyst,175000,USD,175000,US,0,US,M
2024,EX,FT,Data Analyst,68000,USD,68000,US,0,US,M
2024,EN,FT,Data Analyst,26800,GBP,33500,GB,0,GB,M
2024,EN,FT,Data Analyst,26800,GBP,33500,GB,0,GB,M
2024,MI,FT,Data Analyst,110000,USD,110000,US,0,US,M
2024,MI,FT,Data Analyst,90000,USD,90000,US,0,US,M
2024,MI,FT,Data Analyst,85000,USD,85000,US,100,US,M
2024,MI,FT,Data Analyst,61800,USD,61800,US,100,US,M
2024,MI,FT,Data Analyst,77280,USD,77280,US,0,US,M
2024,MI,FT,Data Analyst,58000,USD,58000,US,0,US,M
2024,EN,FT,Data Analyst,70000,USD,70000,US,100,US,M
2024,EN,FT,Data Analyst,60000,USD,60000,US,100,US,M
2024,SE,FT,Data Analyst,165000,USD,165000,US,100,US,M
2024,EN,FT,Data Analyst,137100,USD,137100,US,0,US,M
2024,EN,FT,Data Analyst,109700,USD,109700,US,0,US,M
2024,EX,FT,Data Analyst,125000,USD,125000,US,0,US,M
2024,EX,FT,Data Analyst,100000,USD,100000,US,0,US,M
2024,MI,FT,Data Analyst,107500,USD,107500,US,0,US,M
2024,MI,FT,Data Analyst,96750,USD,96750,US,0,US,M
2024,EN,FT,Data Analyst,130000,USD,130000,US,0,US,M
2024,EN,FT,Data Analyst,100000,USD,100000,US,0,US,M
2024,EN,FT,Data Analyst,39600,EUR,44000,LT,0,LT,M
2024,EN,FT,Data Analyst,33600,EUR,37333,LT,0,LT,M
2024,SE,FT,Data Analyst,175000,USD,175000,US,0,US,M
2024,SE,FT,Data Analyst,117000,USD,117000,US,0,US,M
2024,SE,FT,Data Analyst,157500,USD,157500,US,100,US,M
2024,SE,FT,Data Analyst,132500,USD,132500,US,100,US,M
2024,EN,FT,Data Analyst,184180,USD,184180,US,0,US,M
2024,EN,FT,Data Analyst,159870,USD,159870,US,0,US,M
2024,EN,FT,Data Analyst,291900,USD,291900,US,0,US,M
2024,EN,FT,Data Analyst,103800,USD,103800,US,0,US,M
2024,EN,FT,Data Analyst,90000,USD,90000,US,0,US,M
2024,EN,FT,Data Analyst,75000,USD,75000,US,0,US,M
2024,EN,FT,Data Analyst,133000,USD,133000,US,0,US,M
2024,EN,FT,Data Analyst,58400,USD,58400,US,0,US,M
2024,SE,FT,Data Analyst,126000,USD,126000,US,0,US,M
2024,SE,FT,Data Analyst,87000,USD,87000,US,0,US,M
2024,EN,FT,Data Analyst,113800,USD,113800,US,100,US,M
2024,EN,FT,Data Analyst,74400,USD,74400,US,100,US,M
2024,EN,FT,Data Analyst,158000,USD,158000,US,0,US,M
2024,EN,FT,Data Analyst,105000,USD,105000,US,0,US,M
2024,SE,FT,Data Analyst,115000,USD,115000,US,0,US,M
2024,SE,FT,Data Analyst,75300,USD,75300,US,0,US,M
2024,MI,FT,Data Analyst,105000,USD,105000,US,0,US,M
2024,MI,FT,Data Analyst,77000,USD,77000,US,0,US,M
2024,SE,FT,Data Analyst,135000,USD,135000,US,0,US,M
2024,SE,FT,Data Analyst,105000,USD,105000,US,0,US,M
2024,SE,FT,Data Analyst,100000,USD,100000,US,0,US,M
2024,SE,FT,Data Analyst,80000,USD,80000,US,0,US,M
2024,EN,FT,Data Analyst,84105,USD,84105,US,0,US,M
2024,EN,FT,Data Analyst,76095,USD,76095,US,0,US,M
2024,SE,FT,Data Analyst,96600,USD,96600,US,0,US,M
2024,SE,FT,Data Analyst,55200,USD,55200,US,0,US,M
2024,EN,FT,Data Analyst,73756,USD,73756,US,0,US,M
2024,EN,FT,Data Analyst,61463,USD,61463,US,0,US,M
2024,EN,FT,Data Analyst,40100,EUR,44555,LT,0,LT,M
2024,EN,FT,Data Analyst,28069,EUR,31187,LT,0,LT,M
2024,EN,FT,Data Analyst,80080,USD,80080,US,0,US,M
2024,EN,FT,Data Analyst,65400,USD,65400,US,0,US,M
2024,SE,FT,Data Analyst,96600,USD,96600,US,0,US,M
2024,SE,FT,Data Analyst,55200,USD,55200,US,0,US,M
2024,EN,FT,Data Analyst,85500,USD,85500,US,100,US,M
2024,EN,FT,Data Analyst,51000,USD,51000,US,100,US,M
2024,SE,FT,Data Analyst,193000,USD,193000,US,100,US,M
2024,SE,FT,Data Analyst,156000,USD,156000,US,100,US,M
2024,SE,FT,Data Analyst,86026,EUR,95584,DE,100,DE,M
2024,SE,FT,Data Analyst,71688,EUR,79653,DE,100,DE,M
2024,SE,FT,Data Analyst,86146,EUR,95717,NL,100,NL,M
2024,SE,FT,Data Analyst,71789,EUR,79765,NL,100,NL,M
2024,SE,FT,Data Analyst,140000,USD,140000,US,0,US,M
2024,SE,FT,Data Analyst,136000,USD,136000,US,0,US,M
2024,MI,FT,Data Analyst,119000,USD,119000,US,0,US,M
2024,MI,FT,Data Analyst,52100,USD,52100,US,0,US,M
2024,EN,FT,Data Analyst,130000,USD,130000,US,0,US,M
2024,EN,FT,Data Analyst,100000,USD,100000,US,0,US,M
2024,EN,FT,Data Analyst,170000,USD,170000,US,100,US,M
2024,EN,FT,Data Analyst,150000,USD,150000,US,100,US,M
2024,SE,FT,Data Analyst,150000,USD,150000,US,0,US,M
2024,SE,FT,Data Analyst,120000,USD,120000,US,0,US,M
2024,SE,FT,Data Analyst,85000,USD,85000,US,0,US,M
2024,SE,FT,Data Analyst,75000,USD,75000,US,0,US,M
2024,EN,FT,Data Analyst,106100,USD,106100,US,0,US,M
2024,EN,FT,Data Analyst,74300,USD,74300,US,0,US,M
2024,SE,FT,Data Analyst,153900,USD,153900,US,0,US,M
2024,SE,FT,Data Analyst,112715,USD,112715,US,0,US,M
2024,EN,FT,Data Analyst,92700,USD,92700,US,100,US,M
2024,EN,FT,Data Analyst,64900,USD,64900,US,100,US,M
2024,EN,FT,Data Analyst,93000,USD,93000,US,0,US,M
2024,EN,FT,Data Analyst,87000,USD,87000,US,0,US,M
2024,MI,FT,Data Analyst,103500,USD,103500,US,0,US,M
2024,MI,FT,Data Analyst,65600,USD,65600,US,0,US,M
2024,EN,FT,Data Analyst,140000,USD,140000,US,0,US,M
2024,EN,FT,Data Analyst,100000,USD,100000,US,0,US,M
2024,MI,FT,Data Analyst,187000,USD,187000,US,0,US,M
2024,MI,FT,Data Analyst,153000,USD,153000,US,0,US,M
2024,MI,FT,Data Analyst,187000,USD,187000,US,0,US,M
2024,MI,FT,Data Analyst,153000,USD,153000,US,0,US,M
2024,SE,FT,Data Analyst,234000,USD,234000,US,0,US,M
2024,SE,FT,Data Analyst,146000,USD,146000,US,0,US,M
2024,EN,FT,Data Analyst,60500,USD,60500,US,0,US,M
2024,EN,FT,Data Analyst,40300,USD,40300,US,0,US,M
2024,MI,FT,Data Analyst,160000,USD,160000,US,0,US,M
2024,MI,FT,Data Analyst,95000,USD,95000,US,0,US,M
2024,SE,FT,Data Analyst,163700,USD,163700,US,0,US,M
2024,SE,FT,Data Analyst,109100,USD,109100,US,0,US,M
2024,SE,FT,Data Analyst,175000,USD,175000,US,0,US,M
2024,SE,FT,Data Analyst,117000,USD,117000,US,0,US,M
2024,SE,FT,Data Analyst,85000,USD,85000,US,0,US,M
2024,SE,FT,Data Analyst,79000,USD,79000,US,0,US,M
2024,MI,FT,Data Analyst,95000,USD,95000,US,0,US,M
2024,MI,FT,Data Analyst,70000,USD,70000,US,0,US,M
2024,MI,FT,Data Analyst,134400,USD,134400,US,0,US,M
2024,MI,FT,Data Analyst,100000,USD,100000,US,0,US,M
2024,EN,FT,Data Analyst,64500,USD,64500,US,0,US,M
2024,EN,FT,Data Analyst,51500,USD,51500,US,0,US,M
2024,MI,FT,Data Analyst,195600,USD,195600,US,100,US,M
2024,MI,FT,Data Analyst,165500,USD,165500,US,100,US,M
2024,SE,FT,Data Analyst,180400,USD,180400,US,0,US,M
2024,SE,FT,Data Analyst,138800,USD,138800,US,0,US,M
2024,EN,FT,Data Analyst,23000,GBP,28750,GB,0,GB,M
2024,EN,FT,Data Analyst,23000,GBP,28750,GB,0,GB,M
2024,EN,FT,Data Analyst,92000,USD,92000,US,100,US,M
2024,EN,FT,Data Analyst,65000,USD,65000,US,100,US,M
2024,EN,FT,Data Analyst,65000,USD,65000,US,0,US,M
2024,EN,FT,Data Analyst,55751,USD,55751,US,0,US,M
2024,EN,FT,Data Analyst,99200,USD,99200,US,100,US,M
2024,EN,FT,Data Analyst,69400,USD,69400,US,100,US,M
2024,EN,FT,Data Analyst,88200,USD,88200,US,100,US,M
2024,EN,FT,Data Analyst,61700,USD,61700,US,100,US,M
2024,SE,FT,Data Analyst,160000,USD,160000,US,0,US,M
2024,SE,FT,Data Analyst,130000,USD,130000,US,0,US,M
2024,MI,FT,Data Analyst,112000,USD,112000,US,0,US,M
2024,MI,FT,Data Analyst,84000,USD,84000,US,0,US,M
2024,EN,FT,Data Analyst,115000,USD,115000,US,0,US,M
2024,EN,FT,Data Analyst,90000,USD,90000,US,0,US,M
2024,EN,FT,Data Analyst,160000,USD,160000,US,0,US,M
2024,EN,FT,Data Analyst,110000,USD,110000,US,0,US,M
2024,MI,FT,Data Analyst,95000,USD,95000,US,0,US,M
2024,MI,FT,Data Analyst,65000,USD,65000,US,0,US,M
2024,SE,FT,Data Analyst,155000,USD,155000,US,0,US,M
2024,SE,FT,Data Analyst,100000,USD,100000,US,0,US,M
2024,EN,FT,Data Analyst,147000,USD,147000,US,0,US,M
2024,EN,FT,Data Analyst,118000,USD,118000,US,0,US,M
2024,MI,FT,Data Analyst,140000,USD,140000,US,0,US,M
2024,MI,FT,Data Analyst,105000,USD,105000,US,0,US,M
2024,EN,FT,Data Analyst,88200,USD,88200,US,100,US,M
2024,EN,FT,Data Analyst,61700,USD,61700,US,100,US,M
2024,SE,FT,Data Analyst,153900,USD,153900,US,0,US,M
2024,SE,FT,Data Analyst,85500,USD,85500,US,0,US,M
2024,SE,FT,Data Analyst,164000,USD,164000,US,0,US,M
2024,SE,FT,Data Analyst,109000,USD,109000,US,0,US,M
2024,SE,FT,Data Analyst,140000,USD,140000,US,0,US,M
2024,SE,FT,Data Analyst,115000,USD,115000,US,0,US,M
2024,EN,FT,Data Analyst,83300,USD,83300,US,0,US,M
2024,EN,FT,Data Analyst,47500,USD,47500,US,0,US,M
2024,SE,FT,Data Analyst,185000,USD,185000,US,0,US,M
2024,SE,FT,Data Analyst,145000,USD,145000,US,0,US,M
2024,MI,FT,Data Analyst,177000,USD,177000,US,100,US,M
2024,MI,FT,Data Analyst,149000,USD,149000,US,100,US,M
2024,EN,FT,Data Analyst,115000,USD,115000,US,0,US,M
2024,EN,FT,Data Analyst,95000,USD,95000,US,0,US,M
2024,MI,FT,Data Analyst,134400,USD,134400,US,0,US,M
2024,MI,FT,Data Analyst,81200,USD,81200,US,0,US,M
2024,EN,FT,Data Analyst,100000,USD,100000,US,0,US,M
2024,EN,FT,Data Analyst,75000,USD,75000,US,0,US,M
2024,EN,FT,Data Analyst,130000,USD,130000,US,0,US,M
2024,EN,FT,Data Analyst,100000,USD,100000,US,0,US,M
2024,SE,FT,Data Analyst,207300,USD,207300,US,0,US,M
2024,SE,FT,Data Analyst,149300,USD,149300,US,0,US,M
2024,EN,FT,Data Analyst,132000,USD,132000,US,0,US,M
2024,EN,FT,Data Analyst,108000,USD,108000,US,0,US,M
2024,EX,FT,Data Analyst,160000,USD,160000,US,0,US,M
2024,EX,FT,Data Analyst,120000,USD,120000,US,0,US,M
2024,SE,FT,Data Analyst,120000,USD,120000,US,100,US,M
2024,SE,FT,Data Analyst,100000,USD,100000,US,100,US,M
2024,SE,FT,Data Analyst,108334,USD,108334,US,0,US,M
2024,SE,FT,Data Analyst,59923,USD,59923,US,0,US,M
2024,SE,FT,Data Analyst,140000,USD,140000,US,0,US,M
2024,SE,FT,Data Analyst,110000,USD,110000,US,0,US,M
2024,EN,FT,Data Analyst,72128,EUR,80142,NL,0,NL,M
2024,EN,FT,Data Analyst,50490,EUR,56100,NL,0,NL,M
2024,SE,FT,Data Analyst,200200,USD,200200,US,0,US,M
2024,SE,FT,Data Analyst,111200,USD,111200,US,0,US,M
2024,SE,FT,Data Analyst,153900,USD,153900,US,0,US,M
2024,SE,FT,Data Analyst,85500,USD,85500,US,0,US,M
2024,EN,FT,Data Analyst,54000,EUR,60000,FR,0,FR,M
2024,EN,FT,Data Analyst,50000,EUR,55555,FR,0,FR,M
2024,EN,FT,Data Analyst,87999,USD,87999,US,0,US,M
2024,EN,FT,Data Analyst,66560,USD,66560,US,0,US,M
2024,MI,FT,Data Analyst,147000,USD,147000,US,0,US,M
2024,MI,FT,Data Analyst,118000,USD,118000,US,0,US,M
2024,EN,FT,Data Analyst,101000,USD,101000,US,0,US,M
2024,EN,FT,Data Analyst,85000,USD,85000,US,0,US,M
2024,MI,FT,Data Analyst,154000,USD,154000,US,0,US,M
2024,MI,FT,Data Analyst,105000,USD,105000,US,0,US,M
2024,MI,FT,Data Analyst,72500,USD,72500,US,0,US,M
2024,MI,FT,Data Analyst,61000,USD,61000,US,0,US,M
2024,SE,FT,Data Analyst,175000,USD,175000,US,100,US,M
2024,SE,FT,Data Analyst,150000,USD,150000,US,100,US,M
2024,EN,FT,Data Analyst,774000,USD,774000,MX,0,MX,M
2024,EN,FT,Data Analyst,85900,USD,85900,MX,0,MX,M
2024,EN,FT,Data Analyst,120000,USD,120000,US,100,US,M
2024,EN,FT,Data Analyst,111510,USD,111510,US,100,US,M
2024,SE,FT,Data Analyst,141375,USD,141375,US,100,US,M
2024,SE,FT,Data Analyst,111500,USD,111500,US,100,US,M
2024,MI,FT,Data Analyst,75000,USD,75000,US,100,US,M
2024,EN,FT,Data Analyst,83300,USD,83300,US,0,US,M
2024,EN,FT,Data Analyst,47500,USD,47500,US,0,US,M
2024,EN,FT,Data Analyst,154818,USD,154818,US,0,US,M
2024,EN,FT,Data Analyst,96761,USD,96761,US,0,US,M
2024,SE,FT,Data Analyst,135000,USD,135000,US,0,US,M
2024,SE,FT,Data Analyst,100000,USD,100000,US,0,US,M
2024,EN,FT,Data Analyst,130000,USD,130000,US,100,US,M
2024,EN,FT,Data Analyst,115000,USD,115000,US,100,US,M
2024,MI,FT,Data Analyst,38400,EUR,42666,LV,0,LV,M
2024,MI,FT,Data Analyst,32400,EUR,36000,LV,0,LV,M
2024,EN,FT,Data Analyst,150000,USD,150000,US,100,US,M
2024,EN,FT,Data Analyst,110000,USD,110000,US,100,US,M
2024,SE,FT,Data Analyst,106260,USD,106260,US,0,US,M
2024,SE,FT,Data Analyst,82000,USD,82000,US,0,US,M
2024,MI,FT,Data Analyst,150000,USD,150000,US,100,US,M
2024,MI,FT,Data Analyst,110000,USD,110000,US,100,US,M
2024,MI,FT,Data Analyst,92000,USD,92000,US,0,US,M
2024,MI,FT,Data Analyst,68000,USD,68000,US,0,US,M
2024,SE,FT,Data Analyst,145000,USD,145000,US,0,US,M
2024,SE,FT,Data Analyst,110000,USD,110000,US,0,US,M
2024,EN,FT,Data Analyst,75065,USD,75065,US,100,US,M
2024,EN,FT,Data Analyst,41419,USD,41419,US,100,US,M
2024,SE,FT,Data Analyst,140000,USD,140000,US,0,US,M
2024,SE,FT,Data Analyst,100000,USD,100000,US,0,US,M
2024,MI,FT,Data Analyst,80000,USD,80000,US,0,US,M
2024,MI,FT,Data Analyst,70000,USD,70000,US,0,US,M
2024,SE,FT,Data Analyst,155000,USD,155000,CA,0,CA,M
2024,SE,FT,Data Analyst,105000,USD,105000,CA,0,CA,M
2024,MI,FT,Data Analyst,98000,USD,98000,US,100,US,M
2024,MI,FT,Data Analyst,88000,USD,88000,US,100,US,M
2024,MI,FT,Data Analyst,150000,USD,150000,US,100,US,M
2024,MI,FT,Data Analyst,130000,USD,130000,US,100,US,M
2024,SE,FT,Data Analyst,174000,USD,174000,US,100,US,M
2024,SE,FT,Data Analyst,116000,USD,116000,US,100,US,M
2024,EN,FT,Data Analyst,85000,USD,85000,US,0,US,M
2024,EN,FT,Data Analyst,76500,USD,76500,US,0,US,M
2024,SE,FT,Data Analyst,134500,USD,134500,US,0,US,M
2024,SE,FT,Data Analyst,100000,USD,100000,US,0,US,M
2024,EN,FT,Data Analyst,90000,USD,90000,US,100,US,M
2024,EN,FT,Data Analyst,80000,USD,80000,US,100,US,M
2024,SE,FT,Data Analyst,165000,USD,165000,AU,0,AU,M
2024,SE,FT,Data Analyst,142500,USD,142500,AU,0,AU,M
2024,SE,FT,Data Analyst,96600,USD,96600,US,0,US,M
2024,SE,FT,Data Analyst,55200,USD,55200,US,0,US,M
2024,EN,FT,Data Analyst,65000,USD,65000,US,0,US,M
2024,EN,FT,Data Analyst,55000,USD,55000,US,0,US,M
2024,MI,FT,Data Analyst,105000,USD,105000,US,0,US,M
2024,MI,FT,Data Analyst,78000,USD,78000,US,0,US,M
2024,EN,FT,Data Analyst,120000,USD,120000,US,0,US,M
2024,EN,FT,Data Analyst,97500,USD,97500,US,0,US,M
2024,SE,FT,Data Analyst,120000,USD,120000,CA,0,CA,M
2024,SE,FT,Data Analyst,90000,USD,90000,CA,0,CA,M
2024,SE,FT,Data Analyst,140000,USD,140000,US,0,US,M
2024,SE,FT,Data Analyst,115000,USD,115000,US,0,US,M
2024,SE,FT,Data Analyst,185000,USD,185000,US,0,US,M
2024,SE,FT,Data Analyst,140000,USD,140000,US,0,US,M
2024,MI,FT,Data Analyst,167000,USD,167000,US,0,US,M
2024,MI,FT,Data Analyst,121000,USD,121000,US,0,US,M
2024,MI,FT,Data Analyst,180000,USD,180000,US,0,US,M
2024,MI,FT,Data Analyst,140000,USD,140000,US,0,US,M
2024,EN,FT,Data Analyst,70000,USD,70000,US,100,US,M
2024,EN,FT,Data Analyst,57000,USD,57000,US,100,US,M
2024,SE,FT,Data Analyst,120000,USD,120000,US,0,US,M
2024,SE,FT,Data Analyst,100000,USD,100000,US,0,US,M
2024,MI,FT,Data Analyst,95000,USD,95000,US,0,US,M
2024,MI,FT,Data Analyst,65000,USD,65000,US,0,US,M
2024,SE,FT,Data Analyst,120000,USD,120000,US,0,US,M
2024,SE,FT,Data Analyst,110000,USD,110000,US,0,US,M
2024,EN,FT,Data Analyst,90000,USD,90000,US,0,US,M
2024,EN,FT,Data Analyst,70000,USD,70000,US,0,US,M
2024,EN,FT,Data Analyst,55000,GBP,68750,GB,0,GB,M
2024,EN,FT,Data Analyst,50000,GBP,62500,GB,0,GB,M
2024,EN,FT,Data Analyst,77000,USD,77000,US,100,US,M
2024,EN,FT,Data Analyst,66000,USD,66000,US,100,US,M
2024,SE,FT,Data Analyst,207300,USD,207300,US,0,US,M
2024,SE,FT,Data Analyst,165900,USD,165900,US,0,US,M
2024,EX,FT,Data Analyst,55000,GBP,68750,GB,0,GB,M
2024,EX,FT,Data Analyst,50000,GBP,62500,GB,0,GB,M
2024,EN,FT,Data Analyst,100000,USD,100000,US,0,US,M
2024,EN,FT,Data Analyst,90000,USD,90000,US,0,US,M
2024,EN,FT,Data Analyst,106000,USD,106000,US,0,US,M
2024,EN,FT,Data Analyst,66000,USD,66000,US,0,US,M
2024,SE,FT,Data Analyst,166000,USD,166000,US,0,US,M
2024,SE,FT,Data Analyst,73100,USD,73100,US,0,US,M
2024,SE,FT,Data Analyst,120000,USD,120000,US,0,US,M
2024,SE,FT,Data Analyst,100000,USD,100000,US,0,US,M
2024,EN,FT,Data Analyst,26800,GBP,33500,GB,0,GB,M
2024,EN,FT,Data Analyst,26800,GBP,33500,GB,0,GB,M
2024,EN,FT,Data Analyst,75065,USD,75065,US,100,US,M
2024,EN,FT,Data Analyst,41419,USD,41419,US,100,US,M
2024,MI,FT,Data Analyst,325000,USD,325000,US,0,US,M
2024,MI,FT,Data Analyst,80000,USD,80000,US,0,US,M
2024,SE,FT,Data Analyst,164000,USD,164000,US,0,US,M
2024,SE,FT,Data Analyst,109000,USD,109000,US,0,US,M
2024,SE,FT,Data Analyst,105000,USD,105000,US,0,US,M
2024,SE,FT,Data Analyst,85000,USD,85000,US,0,US,M
2024,MI,FT,Data Analyst,138000,USD,138000,US,0,US,M
2024,MI,FT,Data Analyst,86000,USD,86000,US,0,US,M
2024,SE,FT,Data Analyst,128800,USD,128800,US,0,US,M
2024,SE,FT,Data Analyst,88854,USD,88854,US,0,US,M
2024,EN,FT,Data Analyst,179000,USD,179000,US,0,US,M
2024,EN,FT,Data Analyst,112000,USD,112000,US,0,US,M
2024,SE,FT,Data Analyst,144700,USD,144700,US,100,US,M
2024,SE,FT,Data Analyst,96500,USD,96500,US,100,US,M
2024,SE,FT,Data Analyst,153000,USD,153000,US,0,US,M
2024,SE,FT,Data Analyst,143000,USD,143000,US,0,US,M
2024,SE,FT,Data Analyst,163000,USD,163000,US,100,US,M
2024,SE,FT,Data Analyst,77000,USD,77000,US,100,US,M
2024,SE,FT,Data Analyst,47215,GBP,59018,GB,0,GB,M
2024,SE,FT,Data Analyst,42245,GBP,52806,GB,0,GB,M
2024,MI,FT,Data Analyst,134500,USD,134500,US,0,US,M
2024,MI,FT,Data Analyst,100000,USD,100000,US,0,US,M
2024,SE,FT,Data Analyst,200000,USD,200000,US,100,US,M
2024,SE,FT,Data Analyst,145000,USD,145000,US,100,US,M
2024,SE,FT,Data Analyst,96600,USD,96600,US,0,US,M
2024,SE,FT,Data Analyst,55200,USD,55200,US,0,US,M
2024,EN,PT,Data Analyst,93000,USD,93000,US,0,US,M
2024,EN,PT,Data Analyst,45400,USD,45400,US,0,US,M
2024,EN,FT,Data Analyst,114000,USD,114000,US,0,US,M
2024,EN,FT,Data Analyst,75000,USD,75000,US,0,US,M
2024,SE,FT,Data Analyst,100000,USD,100000,IE,0,IE,M
2024,SE,FT,Data Analyst,80000,USD,80000,IE,0,IE,M
2024,SE,FT,Data Analyst,187770,USD,187770,US,0,US,M
2024,SE,FT,Data Analyst,109500,USD,109500,US,0,US,M
2024,EN,FT,Data Analyst,75000,GBP,93750,GB,0,GB,M
2024,EN,FT,Data Analyst,55000,GBP,68750,GB,0,GB,M
2024,EN,FT,Data Analyst,75000,EUR,83333,FR,0,FR,M
2024,SE,FT,Data Analyst,152000,USD,152000,US,0,US,M
2024,SE,FT,Data Analyst,126667,USD,126667,US,0,US,M
2024,EN,FT,Data Analyst,90000,USD,90000,US,100,US,M
2024,EN,FT,Data Analyst,75000,USD,75000,US,100,US,M
2024,EN,FT,Data Analyst,115000,USD,115000,US,0,US,M
2024,EN,FT,Data Analyst,90000,USD,90000,US,0,US,M
2024,SE,FT,Data Analyst,140000,USD,140000,US,0,US,M
2024,SE,FT,Data Analyst,115000,USD,115000,US,0,US,M
2024,MI,FT,Data Analyst,105000,USD,105000,US,0,US,M
2024,MI,FT,Data Analyst,78575,USD,78575,US,0,US,M
2024,SE,FT,Data Analyst,173000,USD,173000,US,0,US,M
2024,SE,FT,Data Analyst,102000,USD,102000,US,0,US,M
2024,EN,FT,Data Analyst,118750,USD,118750,US,0,US,M
2024,EN,FT,Data Analyst,106875,USD,106875,US,0,US,M
2024,SE,FT,Data Analyst,117000,USD,117000,US,0,US,M
2024,SE,FT,Data Analyst,93000,USD,93000,US,0,US,M
2024,SE,FT,Data Analyst,130000,USD,130000,US,0,US,M
2024,SE,FT,Data Analyst,100000,USD,100000,US,0,US,M
2024,MI,FT,Data Analyst,95000,USD,95000,US,0,US,M
2024,MI,FT,Data Analyst,65000,USD,65000,US,0,US,M
2024,EN,FT,Data Analyst,102000,USD,102000,US,100,US,M
2024,EN,FT,Data Analyst,92000,USD,92000,US,100,US,M
2024,SE,FT,Data Analyst,190000,USD,190000,US,0,US,M
2024,SE,FT,Data Analyst,190000,USD,190000,US,0,US,M
2024,SE,FT,Data Analyst,120000,USD,120000,US,0,US,M
2024,SE,FT,Data Analyst,100000,USD,100000,US,0,US,M
2024,EN,FT,Data Analyst,154000,USD,154000,US,0,US,M
2024,EN,FT,Data Analyst,105000,USD,105000,US,0,US,M
2024,MI,FT,Data Analyst,160000,USD,160000,US,100,US,M
2024,MI,FT,Data Analyst,55000,USD,55000,US,100,US,M
2024,EN,FT,Data Analyst,106960,USD,106960,US,0,US,M
2024,EN,FT,Data Analyst,66820,USD,66820,US,0,US,M
2024,EN,FT,Data Analyst,138000,USD,138000,US,0,US,M
2024,EN,FT,Data Analyst,86000,USD,86000,US,0,US,M
2024,MI,FT,Data Analyst,120000,USD,120000,US,0,US,M
2024,MI,FT,Data Analyst,105000,USD,105000,US,0,US,M
2024,SE,FT,Data Analyst,136000,USD,136000,US,100,US,M
2024,SE,FT,Data Analyst,109000,USD,109000,US,100,US,M
2024,EN,FT,Data Analyst,101000,USD,101000,US,0,US,M
2024,EN,FT,Data Analyst,63000,USD,63000,US,0,US,M
2024,EN,FT,Data Analyst,108000,USD,108000,US,0,US,M
2024,EN,FT,Data Analyst,72200,USD,72200,US,0,US,M
2024,SE,FT,Data Analyst,150000,USD,150000,US,0,US,M
2024,SE,FT,Data Analyst,140000,USD,140000,US,0,US,M
2024,MI,FT,Data Analyst,154000,USD,154000,US,0,US,M
2024,MI,FT,Data Analyst,105000,USD,105000,US,0,US,M
2024,SE,FT,Data Analyst,89000,USD,89000,US,0,US,M
2024,SE,FT,Data Analyst,76000,USD,76000,US,0,US,M
2024,EN,FT,Data Analyst,75000,GBP,93750,GB,0,GB,M
2024,EN,FT,Data Analyst,55000,GBP,68750,GB,0,GB,M
2024,MI,FT,Data Analyst,81650,USD,81650,US,0,US,M
2024,MI,FT,Data Analyst,51175,USD,51175,US,0,US,M
2024,EN,FT,Data Analyst,93000,USD,93000,US,0,US,M
2024,EN,FT,Data Analyst,65750,USD,65750,US,0,US,M
2024,EN,FT,Data Analyst,93000,USD,93000,US,0,US,M
2024,EN,FT,Data Analyst,65750,USD,65750,US,0,US,M
2024,MI,FT,Data Analyst,81650,USD,81650,US,0,US,M
2024,MI,FT,Data Analyst,51175,USD,51175,US,0,US,M
2024,SE,FT,Data Analyst,133650,USD,133650,US,100,US,M
2024,SE,FT,Data Analyst,68150,USD,68150,US,100,US,M
2024,SE,FT,Data Analyst,135000,USD,135000,US,0,US,M
2024,SE,FT,Data Analyst,90000,USD,90000,US,0,US,M
2024,SE,FT,Data Analyst,107000,USD,107000,US,0,US,M
2024,SE,FT,Data Analyst,68400,USD,68400,US,0,US,M
2024,MI,FT,Data Analyst,107755,USD,107755,US,100,US,M
2024,MI,FT,Data Analyst,79645,USD,79645,US,100,US,M
2024,SE,FT,Data Analyst,750000,USD,750000,US,0,US,M
2024,SE,FT,Data Analyst,150000,USD,150000,US,0,US,M
2024,EN,FT,Data Analyst,95000,USD,95000,US,100,US,M
2024,EN,FT,Data Analyst,75000,USD,75000,US,100,US,M
2024,EN,FT,Data Analyst,86600,USD,86600,US,0,US,M
2024,EN,FT,Data Analyst,57700,USD,57700,US,0,US,M
2024,SE,FT,Data Analyst,134200,USD,134200,US,100,US,M
2024,SE,FT,Data Analyst,94800,USD,94800,US,100,US,M
2024,EN,FT,Data Analyst,23000,GBP,28750,GB,0,GB,M
2024,EN,FT,Data Analyst,23000,GBP,28750,GB,0,GB,M
2024,EN,FT,Data Analyst,150000,USD,150000,US,100,US,M
2024,EN,FT,Data Analyst,103000,USD,103000,US,100,US,M
2024,MI,FT,Data Analyst,134500,USD,134500,US,0,US,M
2024,MI,FT,Data Analyst,100000,USD,100000,US,0,US,M
2024,SE,FT,Data Analyst,100000,USD,100000,US,0,US,M
2024,SE,FT,Data Analyst,90000,USD,90000,US,0,US,M
2024,SE,FT,Data Analyst,140726,USD,140726,US,0,US,M
2024,SE,FT,Data Analyst,107197,USD,107197,US,0,US,M
2024,MI,FT,Data Analyst,82000,USD,82000,US,0,US,M
2024,MI,FT,Data Analyst,77000,USD,77000,US,0,US,M
2024,SE,FT,Data Analyst,133504,USD,133504,US,0,US,M
2024,SE,FT,Data Analyst,83576,USD,83576,US,0,US,M
2024,SE,FT,Data Analyst,140000,USD,140000,US,0,US,M
2024,SE,FT,Data Analyst,125000,USD,125000,US,0,US,M
2024,MI,FT,Data Analyst,113500,USD,113500,US,100,US,M
2024,MI,FT,Data Analyst,96475,USD,96475,US,100,US,M
2024,SE,FT,Data Analyst,164640,USD,164640,US,0,US,M
2024,SE,FT,Data Analyst,131712,USD,131712,US,0,US,M
2024,SE,FT,Data Analyst,164000,USD,164000,CA,100,CA,M
2024,SE,FT,Data Analyst,115000,USD,115000,CA,100,CA,M
2024,MI,FT,Data Analyst,100000,USD,100000,US,0,US,M
2024,MI,FT,Data Analyst,70000,USD,70000,US,0,US,M
2024,EN,FT,Data Analyst,105000,USD,105000,US,0,US,M
2024,EN,FT,Data Analyst,75000,USD,75000,US,0,US,M
2024,EN,FT,Data Analyst,115000,USD,115000,US,0,US,M
2024,EN,FT,Data Analyst,90000,USD,90000,US,0,US,M
2024,SE,FT,Data Analyst,140000,USD,140000,US,0,US,M
2024,SE,FT,Data Analyst,115000,USD,115000,US,0,US,M
2024,MI,FT,Data Analyst,123600,USD,123600,US,100,US,M
2024,MI,FT,Data Analyst,79900,USD,79900,US,100,US,M
2024,SE,FT,Data Analyst,100000,USD,100000,US,0,US,M
2024,SE,FT,Data Analyst,80000,USD,80000,US,0,US,M
2024,EN,FT,Data Analyst,26000,EUR,28888,ES,0,ES,M
2024,EN,FT,Data Analyst,21000,EUR,23333,ES,0,ES,M
2024,EN,FT,Data Analyst,180700,USD,180700,US,0,US,M
2024,EN,FT,Data Analyst,97000,USD,97000,US,0,US,M
2024,EN,FT,Data Analyst,83646,USD,83646,CA,0,CA,M
2024,EN,FT,Data Analyst,65407,USD,65407,CA,0,CA,M
2024,EN,FT,Data Analyst,115000,USD,115000,US,0,US,M
2024,EN,FT,Data Analyst,85000,USD,85000,US,0,US,M
2024,EN,FT,Data Analyst,195500,USD,195500,US,0,US,M
2024,EN,FT,Data Analyst,68000,USD,68000,US,0,US,M
2024,SE,FT,Data Analyst,175520,USD,175520,US,0,US,M
2024,SE,FT,Data Analyst,103786,USD,103786,US,0,US,M
2024,MI,FT,Data Analyst,134500,USD,134500,US,0,US,M
2024,MI,FT,Data Analyst,100000,USD,100000,US,0,US,M
2024,EN,FT,Data Analyst,99900,USD,99900,US,0,US,M
2024,EN,FT,Data Analyst,83000,USD,83000,US,0,US,M
2024,SE,FT,Data Analyst,169000,USD,169000,US,100,US,M
2024,SE,FT,Data Analyst,120000,USD,120000,US,100,US,M
2024,SE,FT,Data Analyst,146500,USD,146500,US,0,US,M
2024,SE,FT,Data Analyst,96000,USD,96000,US,0,US,M
2024,SE,FT,Data Analyst,116800,USD,116800,US,0,US,M
2024,SE,FT,Data Analyst,87600,USD,87600,US,0,US,M
2024,SE,FT,Data Analyst,109000,USD,109000,US,0,US,M
2024,SE,FT,Data Analyst,62300,USD,62300,US,0,US,M
2024,MI,FT,Data Analyst,90500,USD,90500,US,0,US,M
2024,MI,FT,Data Analyst,42400,USD,42400,US,0,US,M
2024,EN,FT,Data Analyst,120000,USD,120000,US,100,US,M
2024,EN,FT,Data Analyst,100000,USD,100000,US,100,US,M
2024,EN,FT,Data Analyst,80000,USD,80000,US,0,US,M
2024,EN,FT,Data Analyst,45700,USD,45700,US,0,US,M
2024,SE,FT,Data Analyst,135000,USD,135000,US,0,US,M
2024,SE,FT,Data Analyst,120000,USD,120000,US,0,US,M
2024,SE,FT,Data Analyst,134200,USD,134200,US,100,US,M
2024,SE,FT,Data Analyst,117000,USD,117000,US,100,US,M
2024,EN,FT,Data Analyst,75065,USD,75065,US,100,US,M
2024,EN,FT,Data Analyst,41419,USD,41419,US,100,US,M
2024,EN,FT,Data Analyst,80000,USD,80000,US,100,US,M
2024,EN,FT,Data Analyst,75000,USD,75000,US,100,US,M
2024,EN,FT,Data Analyst,93000,USD,93000,US,0,US,M
2024,EN,FT,Data Analyst,65750,USD,65750,US,0,US,M
2024,EN,FT,Data Analyst,93000,USD,93000,US,0,US,M
2024,EN,FT,Data Analyst,65750,USD,65750,US,0,US,M
2024,EN,FT,Data Analyst,179000,USD,179000,US,0,US,M
2024,EN,FT,Data Analyst,112000,USD,112000,US,0,US,M
2024,EN,FT,Data Analyst,179000,USD,179000,US,0,US,M
2024,EN,FT,Data Analyst,112000,USD,112000,US,0,US,M
2024,MI,FT,Data Analyst,78000,USD,78000,CA,0,CA,M
2024,MI,FT,Data Analyst,54000,USD,54000,CA,0,CA,M
2024,MI,FT,Data Analyst,40000,GBP,50000,GB,0,GB,M
2024,MI,FT,Data Analyst,35000,GBP,43750,GB,0,GB,M
2024,SE,FT,Data Analyst,171000,USD,171000,US,0,US,M
2024,SE,FT,Data Analyst,93000,USD,93000,US,0,US,M
2024,MI,FT,Data Analyst,158000,USD,158000,US,0,US,M
2024,MI,FT,Data Analyst,106000,USD,106000,US,0,US,M
2024,SE,FT,Data Analyst,140130,USD,140130,US,0,US,M
2024,SE,FT,Data Analyst,84870,USD,84870,US,0,US,M
2024,EN,FT,Data Analyst,179000,USD,179000,US,0,US,M
2024,EN,FT,Data Analyst,112000,USD,112000,US,0,US,M
2024,EN,FT,Data Analyst,83000,USD,83000,US,0,US,M
2024,EN,FT,Data Analyst,71000,USD,71000,US,0,US,M
2024,EN,FT,Data Analyst,92700,USD,92700,US,100,US,M
2024,EN,FT,Data Analyst,64900,USD,64900,US,100,US,M
2024,MI,FT,Data Analyst,81713,USD,81713,US,100,US,M
2024,MI,FT,Data Analyst,48067,USD,48067,US,100,US,M
2024,MI,FT,Data Analyst,85000,USD,85000,US,100,US,M
2024,MI,FT,Data Analyst,61800,USD,61800,US,100,US,M
2024,MI,FT,Data Analyst,129118,USD,129118,US,0,US,M
2024,MI,FT,Data Analyst,86078,USD,86078,US,0,US,M
2024,SE,FT,Data Analyst,140000,USD,140000,CA,0,CA,M
2024,SE,FT,Data Analyst,107000,USD,107000,CA,0,CA,M
2024,EN,FT,Data Analyst,92700,USD,92700,US,100,US,M
2024,EN,FT,Data Analyst,64900,USD,64900,US,100,US,M
2024,EN,FT,Data Analyst,116013,USD,116013,US,0,US,M
2024,EN,FT,Data Analyst,92810,USD,92810,US,0,US,M
2024,SE,FT,Data Analyst,140000,USD,140000,US,100,US,M
2024,SE,FT,Data Analyst,120000,USD,120000,US,100,US,M
2024,SE,FT,Data Analyst,126480,USD,126480,US,0,US,M
2024,SE,FT,Data Analyst,82620,USD,82620,US,0,US,M
2024,EN,FT,Data Analyst,90000,USD,90000,US,0,US,M
2024,EN,FT,Data Analyst,60000,USD,60000,US,0,US,M
2024,SE,FT,Data Analyst,192500,USD,192500,US,100,US,M
2024,SE,FT,Data Analyst,122500,USD,122500,US,100,US,M
2024,SE,FT,Data Analyst,162900,USD,162900,US,100,US,M
2024,SE,FT,Data Analyst,117725,USD,117725,US,100,US,M
2024,EN,FT,Data Analyst,140000,USD,140000,US,0,US,M
2024,EN,FT,Data Analyst,100000,USD,100000,US,0,US,M
2024,EN,FT,Data Analyst,40000,GBP,50000,GB,100,GB,M
2024,EN,FT,Data Analyst,35000,GBP,43750,GB,100,GB,M
2024,EN,FT,Data Analyst,156000,USD,156000,US,0,US,M
2024,EN,FT,Data Analyst,124000,USD,124000,US,0,US,M
2024,SE,FT,Data Analyst,158494,USD,158494,US,100,US,M
2024,SE,FT,Data Analyst,88052,USD,88052,US,100,US,M
2024,SE,FT,Data Analyst,220000,USD,220000,US,100,US,M
2024,SE,FT,Data Analyst,170000,USD,170000,US,100,US,M
